{
    "best_score_cv_roc_auc": 0.8109485640828273,
    "best_parameters": {
        "n_estimators": 290,
        "max_depth": 4,
        "learning_rate": 0.09152819604377235,
        "subsample": 0.6965566266582168,
        "colsample_bytree": 0.6645775004235858,
        "gamma": 1.5071633327842513,
        "reg_lambda": 9.055400080604386
    }
}