{
    "accuracy": 0.8469387755102041,
    "precision": 0.5714285714285714,
    "recall": 0.1702127659574468,
    "f1": 0.26229508196721313,
    "roc_auc": 0.7806443276768025
}